Id,class_0,class_1
00eed32682bb,0.5000000065144441,0.4999999934855559
010ebe33f668,0.5000000065144441,0.4999999934855559
02fa521e1838,0.5000000065144441,0.4999999934855559
040e15f562a2,0.5000000065144441,0.4999999934855559
046e85c7cc7f,0.5000000065144441,0.4999999934855559
