Id,class_0,class_1
00eed32682bb,0.7749589094739677,0.22504109052603236
010ebe33f668,0.7749589094739677,0.22504109052603236
02fa521e1838,0.7749589094739677,0.22504109052603236
040e15f562a2,0.7749589094739677,0.22504109052603236
046e85c7cc7f,0.7749589094739677,0.22504109052603236
